Category Level 1,Category Level 2,Category Level 3,Category Level 4,Barserial,Name,Quantity,Retail,Cost,VAT,Net,Total Margin,Margin %
Cameras & Photography,Camcorders,JVC,,BBB1H2BWG0T8B,400mm paragon lense,2,£0.02,£70.00,£0.00,£0.02,-£69.98,"-349,900.00%"
Cameras & Photography,Camcorders,JVC,,BBWG95B4ACF13,JVC,-1,-£39.99,-£20.00,-£3.33,-£36.66,-£16.66,45.44%
Cameras & Photography,Camcorders,JVC,,BBWG3D7147A55,Gear 4 Music Amp,1,£25.00,£12.50,£2.08,£22.92,£10.42,45.45%
Cameras & Photography,Camcorders,JVC,,BBNNA3F492276,"MacBook Pro 17,1/M1 (8-CPU 8-GPU)/8GB Ram/256GB SSD/13""/Silver/A",1,£960.00,£530.00,£71.67,£888.33,£358.33,40.34%
Cameras & Photography,Camcorders,JVC,,BBWGD814773B4,Hugo Boss Watch,1,£89.99,£20.00,£11.66,£78.32,£58.32,74.47%
Cameras & Photography,Camcorders,JVC,,BBWG8A2F80DCC,Canon EOS 70D + Canon EF 28-90mm f/4-5.6,-1,-£349.99,-£150.00,-£33.33,-£316.66,-£166.66,52.63%
Cameras & Photography,Camcorders,JVC,,BBWG65B884F17,Canon EOS 70D + Canon EF 28-90mm f/4-5.6,1,£349.99,£140.00,£35.00,£314.99,£174.99,55.55%
Cameras & Photography,Camcorders,JVC,,BBWG874985E10,Camera Accessory,2,£699.98,£2.00,£116.33,£583.65,£581.65,99.66%
Cameras & Photography,Camcorders,JVC,,BBWG8B077463C,Camera Accessory,-1,-£9.99,-£1.00,-£1.50,-£8.49,-£7.49,88.22%
Cameras & Photography,Camcorders,JVC,,BBWG9326B51B0,Camera Accessory,1,£9.99,£1.00,£1.50,£8.49,£7.49,88.22%
,Camcorders,JVC,,BBWG1048C1D81,Camera Accessory,2,£19.98,£2.00,£3.00,£16.98,£14.98,88.22%
Cameras & Photography,Camcorders,JVC,,BBWGC5A647546,Camera Accessory,2,£19.98,£2.00,£3.00,£16.98,£14.98,88.22%
Cameras & Photography,Camcorders,JVC,,BBWG2BF553075,THE BEATLES,1,£1.50,£0.50,£0.17,£1.33,£0.83,62.50%
Cameras & Photography,Camcorders,JVC,,BBWG4508F5631,LG Tablet - Screen Burn,1,£9.99,£10.00,£0.00,£9.99,-£0.01,-0.10%
Cameras & Photography,Camcorders,JVC,,BBWG4A59432DA,GENTEK TW9 Wireless Earbuds,1,£9.99,£5.00,£0.83,£9.16,£4.16,45.40%
Cameras & Photography,Camcorders,JVC,,BBWGC681C7B3F,eragon,-1,-£0.50,-£0.25,-£0.04,-£0.46,-£0.21,45.45%
Cameras & Photography,Camcorders,JVC,,BBWGE19178060,eye toy play 3,-1,-£0.50,-£0.25,-£0.04,-£0.46,-£0.21,45.45%
Cameras & Photography,Camcorders,JVC,,BBWGF363A0E81,lotr 2 tow,1,£1.99,£0.25,£0.29,£1.70,£1.45,85.29%
Cameras & Photography,Camcorders,JVC,,BBWGFB7487080,lotr 2 tow,1,£14.00,£0.25,£2.29,£11.71,£11.46,97.86%
Cameras & Photography,Camcorders,JVC,,BBWGC2B29FF7A,pga,-1,-£0.50,-£0.25,-£0.04,-£0.46,-£0.21,45.45%
Cameras & Photography,Camcorders,JVC,,BBWG597728402,eragon,1,£0.50,£0.25,£0.04,£0.46,£0.21,45.45%
Cameras & Photography,Camcorders,JVC,,BBWG430626E1D,fifa 07,1,£0.99,£0.25,£0.12,£0.87,£0.62,71.15%
Cameras & Photography,Camcorders,JVC,,BBWGE667B3A95,sly 3,1,£14.99,£0.25,£2.46,£12.53,£12.28,98.01%
Cameras & Photography,Camcorders,JVC,,BBWG40753B53E,brian,1,£0.50,£0.25,£0.04,£0.46,£0.21,45.45%
Cameras & Photography,Camcorders,JVC,,BBWGAF7B7305B,sly 2,1,£17.99,£0.25,£2.96,£15.03,£14.78,98.34%
,,JVC,,BBTX7680E534B,Star Wars Battlefront,1,£1.99,£1.00,£0.16,£1.83,£0.83,45.21%
Cameras & Photography,Camcorders,,,BBWG451F18B47,,-1,-£19.99,-£5.00,-£2.50,-£17.49,-£12.49,71.41%
Cameras & Photography,Camcorders,JVC,,BBWGBE0695CC0,2.44g 9ct Cross & Pedant,1,£69.99,£50.00,£3.33,£66.66,£16.66,24.99%
Cameras & Photography,Camcorders,JVC,,BBWG2579D5466,Various Costume Jewellery,3,£44.97,£6.00,£6.49,£38.48,£32.48,84.41%
Cameras & Photography,,JVC,,BBWGDA6EFDD1F,Misc Gaming,1,£99.99,£35.00,£10.83,£89.16,£54.16,60.74%
Cameras & Photography,Camcorders,JVC,,BBWG3E7BC096B,Xbox 360 S 250GB,1,£59.99,£20.00,£6.66,£53.32,£33.32,62.49%
Cameras & Photography,Camcorders,JVC,,BBWGE726AF231,,1,£40.00,£20.00,£3.33,£36.67,£16.67,45.45%
Cameras & Photography,Camcorders,JVC,,BBWG099EF83DB,4.5g Scrap Watch,1,£80.00,£30.00,,£71.67,£41.67,58.14%
Cameras & Photography,Camcorders,JVC,,BBWG6AA861580,2.41g 9ct earrings,1,£89.99,£25.00,£10.83,£79.16,£54.16,68.42%
Cameras & Photography,Camcorders,JVC,,BBWG0B47B8399,1.37g Cross Pendant,1,£49.99,£10.00,£6.66,£43.32,£33.32,76.92%
,Camcorders,JVC,,BBWG61C681FE9,fifa 21,-1,-£15.00,-£3.00,-£2.00,-£13.00,-£10.00,76.92%
Cameras & Photography,Camcorders,JVC,,BBWG497944635,ballan,1,£11.99,£3.00,£1.50,£10.49,£7.49,71.41%
Cameras & Photography,Camcorders,JVC,,BBWGDAB70A7B3,Costume Jewellery,1,£19.99,£1.60,£3.06,£16.92,£15.32,90.55%
Cameras & Photography,Camcorders,JVC,,BBWG0C3F0FF62,fan u,1,£5.99,£1.60,£0.73,£5.26,£3.66,69.57%
Cameras & Photography,Camcorders,JVC,,BBWGC563051D1,Philips Headphones,1,£11.99,£1.60,£1.73,£10.26,£8.66,84.40%
Cameras & Photography,Camcorders,JVC,,BBWG2A2990407,tripod,-1,-£6.99,-£4.00,-£0.50,-£6.49,-£2.49,38.38%
Cameras & Photography,Camcorders,JVC,,BBWG8328A9C27,aspire 5253,1,£79.99,£20.00,£10.00,£69.99,£49.99,71.43%
Cameras & Photography,Camcorders,JVC,,,Playstation 2 Games,5,£14.95,£5.00,£1.66,£13.29,£8.29,62.38%
Cameras & Photography,Camcorders,JVC,,BBWG4C2341E97,the joker,1,£9.99,£10.00,£0.00,£9.99,-£0.01,-0.10%
Cameras & Photography,Camcorders,JVC,,BBWG8E1A9B007,Batman Comic Poster,-1,-£19.99,-£2.50,-£2.91,-£17.08,-£14.58,85.36%
Cameras & Photography,Camcorders,JVC,,BBWG21F489103,Scrap 9ct 1.08g,1,£20.00,£1.00,£3.17,£16.83,£15.83,94.06%
Cameras & Photography,Camcorders,JVC,,BBWG70FAFE60D,Batman Canvas,1,£19.99,£1.50,£3.08,£16.91,£15.41,91.13%
Cameras & Photography,Camcorders,JVC,,BBWG9E37937F6,Scarface Canvas,-1,-£14.99,-£1.00,-£2.33,-£12.66,-£11.66,92.10%
Cameras & Photography,Camcorders,Other,,BBD7V31WG1PP4,hdmi cable,-3,-£6.00,-£3.00,-£0.50,-£5.50,-£2.50,45.45%
Cameras & Photography,Camcorders,Other,,BBD7V31WG2552,mood light,-1,-£1.00,-£7.50,£0.00,-£1.00,£6.50,-650.00%
Cameras & Photography,Camcorders,Other,,BB93M46WG27FM,energizer headlight,-1,-£7.00,-£3.50,-£0.58,-£6.42,-£2.92,45.45%
Cameras & Photography,Camcorders,Other,,BB97BZZWG2ECE,Philips LED Light,-2,-£26.00,-£15.00,-£1.83,-£24.17,-£9.17,37.93%
Cameras & Photography,Camcorders,Other,,BBC2HZZWG2EIF,intel play computer,1,£9.99,£6.00,£0.66,£9.32,£3.32,35.66%
Cameras & Photography,Camcorders,Other,,BBC6F0ZWG2GDG,ornament,-3,-£6.00,-£6.00,£0.00,-£6.00,£0.00,0.00%
Cameras & Photography,Camcorders,Other,,BB93M46WG2JHL,kenwood electric kni,-1,-£12.00,-£10.00,-£0.33,-£11.67,-£1.67,14.29%
Cameras & Photography,Camcorders,Other,,BBC2GZZWG2NEI,wii accessories bund,-1,-£15.00,-£5.00,-£1.67,-£13.33,-£8.33,62.50%
Cameras & Photography,Camcorders,Other,,BB00H2TWG2O92,Marley Smile Headpho,-1,-£30.00,-£15.00,-£2.50,-£27.50,-£12.50,45.45%
Cameras & Photography,Camcorders,Other,,BBC2GZZWG2OKU,game,-1,-£3.00,-£0.75,-£0.38,-£2.62,-£1.88,71.43%
Cameras & Photography,Camcorders,Other,,BB00J6TWG2PJS,micro usb 1.5m,-1,-£2.99,-£1.35,-£0.27,-£2.72,-£1.37,50.31%
Cameras & Photography,Camcorders,Other,,BB00J6TWG2RHI,bluetooth speaker,-1,-£4.99,-£2.50,-£0.42,-£4.58,-£2.08,45.36%
Cameras & Photography,Camcorders,Other,,BBD7H31WG2T6L,GPS TRACKER{BK},-1,-£24.99,-£15.00,-£1.66,-£23.32,-£8.32,35.69%
Cameras & Photography,Camcorders,Other,,BBC2GZZWG2UCP,LH/teksta dog,-1,-£39.99,-£20.00,-£3.33,-£36.66,-£16.66,45.44%
Cameras & Photography,Camcorders,Other,,BBAGGZZWG2USG,DigiMicro Profi,1,£45.99,£30.00,£2.66,£43.32,£13.33,30.76%
Cameras & Photography,Camcorders,Other,,BBAGGZZWG2UVW,Abgym/speedshaper,-1,-£4.99,-£3.00,-£0.33,-£4.66,-£1.66,35.60%
Cameras & Photography,Camcorders,Other,,BBC2GZZWG2W6K,AVP/LH,-1,-£39.99,-£20.00,-£3.33,-£36.66,-£16.66,45.44%
Cameras & Photography,Camcorders,Other,,BBC2GZZWG2WB8,STINGRAY TOYS/K,-1,-£9.99,-£5.00,-£0.83,-£9.16,-£4.16,45.40%
Cameras & Photography,Camcorders,Other,,BB6THZZWG2Y0F,CAN OPENER,-1,-£4.00,-£2.50,-£0.25,-£3.75,-£1.25,33.33%
Cameras & Photography,Camcorders,Other,,BBC2FZZN418YL,frolicat bolt m,-2,-£27.98,-£14.00,-£2.33,-£25.65,-£11.65,45.42%
Cameras & Photography,Camcorders,Other,,BBC2FZZN418YK,frolicat cheese m,-1,-£13.99,-£7.00,-£1.16,-£12.82,-£5.82,45.42%
Cameras & Photography,Camcorders,Other,,BB97TZZN418NL,diall light m,-1,-£9.99,-£7.00,-£0.50,-£9.49,-£2.49,26.25%
Cameras & Photography,Camcorders,Other,,BB00C2TW7TAWR,P3 SERIE 2 HEDPHN LH,-1,-£39.99,-£20.00,-£3.33,-£36.66,-£16.66,45.44%
Cameras & Photography,Camcorders,Other,,BBWGCMLMGT8GA,Generic 1080p Video Camera,1,£30.00,£15.00,£2.50,£27.50,£12.50,45.45%
Cameras & Photography,Camcorders,Other,,BBWG0CE20C978,Panasonic SDR-S50 Video Camera,1,£44.99,£15.00,£5.00,£39.99,£24.99,62.49%
Cameras & Photography,Camcorders,Other,,BBNNB857D7C6F,CX 920 PRO,1,£55.00,£30.00,£4.17,£50.83,£20.83,40.98%
Cameras & Photography,Camcorders,Other,,BBWG924A11B0E,Pentax Battery,1,£19.99,£5.00,£2.50,£17.49,£12.49,71.41%
Cameras & Photography,Camcorders,Other,,BBWG5EDE108C9,Pentax Battery,1,£19.99,£5.00,£2.50,£17.49,£12.49,71.41%
Cameras & Photography,Camcorders,Other,,BBWG914A0D8F9,Pentax 100-300mm,1,£34.99,£10.00,£4.16,£30.83,£20.83,67.56%
Cameras & Photography,Camcorders,Other,,BBWGB7B3A25A1,Sigma Zoom (PENTAX),1,£24.99,£5.00,£3.33,£21.66,£16.66,76.91%
Cameras & Photography,Camcorders,Other,,BBWG81E87235C,vista vk2 hdx CCTV,1,£199.99,£50.00,£25.00,£174.99,£124.99,71.43%
Cameras & Photography,Camcorders,Other,,BBWGB070511C6,DJI OSMO CHEST STRAP MOUNT PART NO.79,1,£25.00,£25.00,£0.00,£25.00,£0.00,0.00%
Cameras & Photography,Camcorders,Other,,BBWGB188E8259,Samsung VP-DP391,1,£19.99,£5.00,£2.50,£17.49,£12.49,71.41%
Cameras & Photography,Camcorders,Other,,BBWGD5AB075BE,Canon  Powershot a3300 IS,1,£5.99,£2.00,£0.66,£5.32,£3.32,62.44%
Cameras & Photography,Camcorders,Other,,BBWG2B4964830,"GoPro HD HERO3+ - Black Edition (With Remote), B",-1,-£40.00,-£40.00,£0.00,-£40.00,£0.00,0.00%
Cameras & Photography,Camcorders,Other,,BBWG4A48D438C,Go Pro Hero 3+ with accessories,1,£44.99,£25.00,£3.33,£41.66,£16.66,39.99%
Cameras & Photography,Camcorders,Other,,BBWGBSANR3A5O,Prestigio Dashcam,1,£19.99,£10.00,£1.66,£18.32,£8.32,45.43%
Cameras & Photography,Camcorders,Other,,BBWG8KA8RQ1YJ,Temu usb hub with camera,1,£39.99,£20.00,£3.33,£36.66,£16.66,45.44%
Cameras & Photography,Camcorders,Other,,BBWGVOTXX5SJM,"Amazon Echo Dot 3rd Gen (C78MP8/D9N29T) - Charcoal Fabric, B",1,£20.00,£5.00,£2.50,£17.50,£12.50,71.43%
Cameras & Photography,Camcorders,Other,,BBWGY17WPVANX,panasonic HDC-SD9 Video camera with charger and box,1,£49.99,£20.00,£5.00,£44.99,£24.99,55.55%
Cameras & Photography,Camcorders,Other,,BBWG8TK2YZAFX,hp wireless mouse and keyboard,1,£15.00,£10.00,£0.83,£14.17,£4.17,29.41%
Cameras & Photography,Camcorders,Other,,BBWYGTYCJBOQJ,aver ptc500+ professional tracking camera,1,£499.99,£150.00,£58.33,£441.66,£291.66,66.04%
Cameras & Photography,Camcorders,Other,,BBTXWFA9IY6SD,Samsung Laser printer,1,£0.10,£40.00,£0.00,£0.10,-£39.90,"-39,900.00%"
Cameras & Photography,Camcorders,Other,,BBWGUMCCDNRTJ,AIWA CD3 Player,1,£80.00,£20.00,£10.00,£70.00,£50.00,71.43%
Cameras & Photography,Camcorders,Other,,BBWGCQRE4GKEF,Nauticam Rx1005 underwater camera,1,£600.00,£300.00,£50.00,£550.00,£250.00,45.45%
Cameras & Photography,Camcorders,Other,,BBWGL3YF4OWUP,Nikkor Z 100-400MM Camera lens,1,"£1,000.00",£500.00,£83.33,£916.67,£416.67,45.45%
Cameras & Photography,Camcorders,Other,,BBWGTXJPHIACQ,Sea & Sea YS-01,1,£200.00,£50.00,£25.00,£175.00,£125.00,71.43%
Cameras & Photography,Camcorders,Other,,BBWYBKBAKMF3B,Simplisafe security camera,1,£90.00,£40.00,£8.33,£81.67,£41.67,51.02%
Cameras & Photography,Camcorders,Sony,,BBWG5154A5DF2,canon hf10,-1,-£75.00,-£30.00,-£7.50,-£67.50,-£37.50,55.56%
Cameras & Photography,Camcorders,Sony,,BBWGC4BC5EAC0,Sony PS4,1,£149.99,£60.00,£15.00,£134.99,£74.99,55.55%
Cameras & Photography,Camcorders,Sony,,BBWGD29E2E303,Sony PS4 Original,1,£149.99,£40.00,£18.33,£131.66,£91.66,69.62%
Cameras & Photography,Camcorders,Sony,,BBWGD4A1AD3BF,Carlsbro T150 Compact Portable PA System,1,£150.00,£150.00,£0.00,£150.00,£0.00,0.00%
Cameras & Photography,Camera & Photo Accessories,Canon,,BBWGU5JXBEZCK,Canon,-1,-£49.99,-£25.00,-£4.16,-£45.82,-£20.83,45.44%
Cameras & Photography,Camera & Photo Accessories,Canon,,BBWG2E8C62CAA,CCTV,1,£19.99,£7.50,£2.08,£17.91,£10.41,58.12%
Cameras & Photography,Camera & Photo Accessories,Canon,,BBWG7968FB5C8,Redmi 10,1,£139.99,£70.00,£11.66,£128.33,£58.33,45.45%
Cameras & Photography,Camera & Photo Accessories,Canon,,BBWG2EOUTAFA9,2x canon batterys & charger,1,£49.99,£20.00,£5.00,£44.99,£24.99,55.55%
Cameras & Photography,Camera & Photo Accessories,Canon,,BBWGWHDEIF8IL,PlusX Auto sensors,1,£49.99,£20.00,£5.00,£44.99,£24.99,55.55%
Cameras & Photography,Camera & Photo Accessories,Canon,,BBWGUOE07EQ2R,PlusX Auto sensors,1,£49.99,£20.00,£5.00,£44.99,£24.99,55.55%
Cameras & Photography,Camera & Photo Accessories,Canon,,BBWG7W0IRCJDS,PlusX Auto sensors 2 Pack,1,£89.99,£20.00,£11.66,£78.32,£58.32,74.47%
Cameras & Photography,Camera & Photo Accessories,Canon,,BBWGTJTR0PU7A,PlusX Auto sensors,1,£49.99,£20.00,£5.00,£44.99,£24.99,55.55%
Cameras & Photography,Camera & Photo Accessories,Canon,,BBWGOXSJT5X4O,Canon EOS 70D + 18-55mm,1,£289.99,£160.00,£21.66,£268.33,£108.33,40.37%
Cameras & Photography,Camera & Photo Accessories,Canon,,BBWGDCHTRINHA,Mi 8 lite 64gb with charager and box,1,£59.99,£20.00,£6.66,£53.32,£33.32,62.49%
Cameras & Photography,Camera & Photo Accessories,Canon,,BBWGJZCH7VP2D,EF 20-35mm Canon Lens,1,£80.00,£30.00,£8.33,£71.67,£41.67,58.14%
Cameras & Photography,Camera & Photo Accessories,Kodak,,,,,,,,,,
Cameras & Photography,Camera & Photo Accessories,Nikon,,BBWGC584C52AC,Nikon D40 Body Only,1,£69.99,£30.00,£6.66,£63.32,£33.32,52.63%
Cameras & Photography,Camera & Photo Accessories,Nikon,,BBWGAF73FC70F,Nikon AF-P DX Nikkor Camera Lens,1,£49.99,£25.00,£4.16,£45.82,£20.83,45.44%
Cameras & Photography,Camera & Photo Accessories,Nikon,,BBWG71B695BBE,Nikon AF DX Fisheye 10.5mm f/2.8G ED Len,1,£134.99,£80.00,£9.16,£125.83,£45.83,36.42%
Cameras & Photography,Camera & Photo Accessories,Nikon,,BBWGE28B528A3,Sigma 24mm f/1.4 DG HSM (Nikon),1,£299.99,£170.00,£21.66,£278.33,£108.33,38.92%
Cameras & Photography,Camera & Photo Accessories,Nikon,,BBWGMMGKHXAIW,nikon coolpix b500,1,£89.99,£40.00,£8.33,£81.66,£41.66,51.02%
Cameras & Photography,Camera & Photo Accessories,Nikon,,BBWGBJYTGAKQG,Coolpix p610,1,£150.00,£50.00,£16.67,£133.33,£83.33,62.50%
Cameras & Photography,Camera & Photo Accessories,Nikon,,BBWGXLSC1E30Y,Nikon 1 J4 Mirrorless Digital Camera with 10-30mm PD,1,£275.00,£100.00,£29.17,£245.83,£145.83,59.32%
Cameras & Photography,Camera & Photo Accessories,Nikon,,BBWGCQNS2QY9B,nikon af-s 55-200,1,£40.00,£15.00,£4.17,£35.83,£20.83,58.14%
Cameras & Photography,Camera & Photo Accessories,Other,,BBWGOGOPO1WRB,K&F TM2515T Digital Tripod Monopod Transverse Center Column,1,£59.99,£30.00,£5.00,£54.99,£24.99,45.45%
Cameras & Photography,Camera & Photo Accessories,Other,,BBWG2D5127B86,Go Pro Hero 7,1,£189.99,£90.00,£16.66,£173.33,£83.33,48.07%
Cameras & Photography,Camera & Photo Accessories,Other,,BBWG51FEC1CA1,Go Pro Gimble Stabilizer,1,£39.99,£30.00,£1.66,£38.32,£8.33,21.72%
Cameras & Photography,Camera & Photo Accessories,Other,,BBWGC2A67193E,Opticron Monopod and clamp,1,£39.99,£20.00,£3.33,£36.66,£16.66,45.44%
Cameras & Photography,Camera & Photo Accessories,Other,,BBWG64E9D3858,Neewer Tripod Head,1,£29.99,£15.00,£2.50,£27.49,£12.49,45.44%
Cameras & Photography,Camera & Photo Accessories,Other,,BBWG1EAE4F60B,Olympus Trip 35,1,£69.99,£20.00,£8.33,£61.66,£41.66,67.56%
Cameras & Photography,Camera & Photo Accessories,Other,,BBWG2BB3DF0B6,Other SPLIT PLEASE,1,£85.00,£85.00,£0.00,£85.00,£0.00,0.00%
Cameras & Photography,Camera & Photo Accessories,Other,,BBWG5F1742E01,Velbon d-500 Tripod,1,£9.99,£2.00,£1.33,£8.66,£6.66,76.90%
Cameras & Photography,Camera & Photo Accessories,Other,,BBNNB0D74E3E4,YongNuo 50mm lens,1,£39.99,£15.00,£4.16,£35.82,£20.83,58.13%
Cameras & Photography,Camera & Photo Accessories,Other,,BBWG76DA5FB3F,Camera Accessories,1,£79.99,£40.00,£6.66,£73.32,£33.32,45.45%
Cameras & Photography,Camera & Photo Accessories,Other,,BBWGFE07611CD,"K&F Concept 62"" tripod",-1,-£49.99,-£25.00,-£4.16,-£45.82,-£20.83,45.44%
Cameras & Photography,Camera & Photo Accessories,Other,,BBWGQKFNAE4JA,ower Super Wide Macro Lens 0.42X 0.42 X AF Fisheye 46Mm,1,£25.00,£15.00,£1.67,£23.33,£8.33,35.71%
Cameras & Photography,Camera & Photo Accessories,Other,,BBWGRQMTYNIPS,Vivitar 2xProfessional multiplier,1,£9.99,£5.00,£0.83,£9.16,£4.16,45.40%
Cameras & Photography,Camera & Photo Accessories,Other,,BBWGJPGXPGMGZ,rokinon 1.8 500mm lens,1,£29.99,£10.00,£3.33,£26.66,£16.66,62.49%
Cameras & Photography,Camera & Photo Accessories,Other,,BBWGVZLO7UDCE,Di700A flash,1,£49.99,£15.00,£5.83,£44.16,£29.16,66.03%
Cameras & Photography,Camera & Photo Accessories,Other,,BBWGMZQSLKAWN,Kenro KFL 101 flash,1,£9.99,£3.00,£1.16,£8.82,£5.82,66.01%
Cameras & Photography,Camera & Photo Accessories,Other,,BBWGGM487OHWE,Nissan mg 8000,1,£149.99,£37.00,£18.83,£131.16,£94.16,71.79%
Cameras & Photography,Camera & Photo Accessories,Other,,BBWGA9NC3JCTC,universal camera mount,1,£34.99,£15.00,£3.33,£31.66,£16.66,52.62%
Cameras & Photography,Camera & Photo Accessories,Other,,BBWG81LL97VQB,speedlight powerblock 900 flashgun battery,1,£29.99,£7.50,£3.75,£26.24,£18.74,71.42%
Cameras & Photography,Camera & Photo Accessories,Other,,BBWGHROREWRIP,speedlight powerblock 900 flashgun battery,1,£29.99,£7.50,£3.75,£26.24,£18.74,71.42%
Cameras & Photography,Camera & Photo Accessories,Other,,BBTXZJFQH8AIG,DJI RONAN M,1,£270.00,£150.00,£20.00,£250.00,£100.00,40.00%
Cameras & Photography,Camera & Photo Accessories,Other,,BBTXLJDOVSZYI,"Panasonic camera, charger, lens",1,£189.99,£100.00,£15.00,£174.99,£74.99,42.85%
Cameras & Photography,Camera & Photo Accessories,Other,,BBTXM9G1YV8JD,Polaroind Mint Pocket Cam/Printer,1,£49.99,£25.00,£4.16,£45.82,£20.83,45.44%
Cameras & Photography,Camera & Photo Accessories,Other,,BBWGZ5S4LFUJW,Xperia phone,1,£79.99,£30.00,£8.33,£71.66,£41.66,58.13%
Cameras & Photography,Camera & Photo Accessories,Other,,BBWG52NMZ33PZ,DOF DR-2 Camera Stabilizer,1,£29.99,£20.00,£1.66,£28.32,£8.32,29.39%
Cameras & Photography,Camera & Photo Accessories,Other,,BBWGXJJTOT6EQ,sigma APO 300mm F2.8 EXDG,1,£599.99,£250.00,£58.33,£541.66,£291.66,53.85%
Cameras & Photography,Camera & Photo Accessories,Other,,BBWGX9KPLOMTW,nikon,1,£499.99,£250.00,£41.66,£458.33,£208.33,45.45%
Cameras & Photography,Camera & Photo Accessories,Other,,BBWGPMRYRGNMP,Olympus Zuiko Digital 14-42mm f,1,£25.00,£12.00,£2.17,£22.83,£10.83,47.45%
Cameras & Photography,Camera & Photo Accessories,Sony,,BBWGBD2868EA5,Chauvet DJ 4x,1,£189.99,£70.00,£20.00,£169.99,£99.99,58.82%
Cameras & Photography,Camera & Photo Accessories,Sony,,BBWGE83PTL9MX,Sony dsc-qx10 lens,1,£79.99,£35.00,£7.50,£72.49,£37.49,51.72%
Cameras & Photography,Camera & Photo Accessories,Sony,,BBTX1A14CC734,Viltrox 23mm F1.4 XF Auto Focus (Sony),1,£79.99,£70.00,£1.66,£78.32,£8.32,10.63%
Cameras & Photography,Camera & Photo Accessories,Sony,,BBWGMGH8WPIVK,Sony DSC-HX100V,1,£40.00,£15.00,£4.17,£35.83,£20.83,58.14%
Cameras & Photography,Camera & Photo Accessories,Sony,,BBTXJRYOQFJ9S,Sony Alpha 6400 ILCE-6400 24.2MP + 16-50mm,1,£500.00,£250.00,£41.67,£458.33,£208.33,45.45%
Cameras & Photography,Camera & Photo Accessories,Sony,,BBWGBY1XVBGLI,Sony GP-VPT2BT Handgrip with Remote Control For Sony Camera,1,£55.00,£25.00,£5.00,£50.00,£25.00,50.00%
Cameras & Photography,Camera & Photo Accessories,Sony,,BBWGJJKBMNGE9,Sony GP-VPT2BT Handgrip with Remote Control For Sony Camera,1,£55.00,£25.00,£5.00,£50.00,£25.00,50.00%
Cameras & Photography,Camera & Photo Accessories,Sony,,BBWGDHTZXORZ6,Sony Alpha A7R II Body with charger & case & bag,1,£800.00,£445.00,£59.17,£740.83,£295.83,39.93%
Cameras & Photography,Camera & Photo Accessories,Sony,,BBWGRFEZJQGTX,velbon el carmange 540 tripod,1,£90.00,£20.00,£11.67,£78.33,£58.33,74.47%
Cameras & Photography,Digital Cameras,Canon,,BB1107ZWG2P7K,Vimtag 720 Smart Security Camera,2,£40.00,£50.00,£0.00,£40.00,-£10.00,-25.00%
Cameras & Photography,Digital Cameras,Canon,,BBWG34D3D323B,enko ab600-r electronic flashlight,1,£79.99,£30.00,£8.33,£71.66,£41.66,58.13%
Cameras & Photography,Digital Cameras,Canon,,BBWGE89A133FC,dx swm vr aspherical lens,1,£50.00,£20.00,£5.00,£45.00,£25.00,55.56%
Cameras & Photography,Digital Cameras,Canon,,BBWGCA6C934F0,"canon eos m50 mark 2 & with battery charger,",1,£549.99,£265.00,£47.50,£502.49,£237.49,47.26%
Cameras & Photography,Digital Cameras,Canon,,BBWGO0VHXMZA4,Canon digital camera - with bag,1,£49.99,£20.00,£5.00,£44.99,£24.99,55.55%
Cameras & Photography,Digital Cameras,Canon,,BBWGMMPQIJEQM,Canon EOS 700D 18M,1,£239.99,£50.00,£31.66,£208.33,£158.33,76.00%
Cameras & Photography,Digital Cameras,Canon,,BBWG9RAJSNZHH,Canon EF 50MM lens,1,£78.00,£50.00,£4.67,£73.33,£23.33,31.82%
Cameras & Photography,Digital Cameras,Canon,,BBWGZCIY2IPW9,Canon Powershot SX510 HS,1,£44.99,£20.00,£4.16,£40.82,£20.83,51.01%
Cameras & Photography,Digital Cameras,Canon,,BBWGA0VUBPDND,Canon PowerShot SX260,-1,-£44.99,-£20.00,-£4.16,-£40.82,-£20.83,51.01%
Cameras & Photography,Digital Cameras,Canon,,BBWGZLQQILND2,canon efs 18-55mm Lens,1,£29.99,£10.00,£3.33,£26.66,£16.66,62.49%
Cameras & Photography,Digital Cameras,Canon,,BBWGJVPISWL5R,Sigma 18-250mm Lens,1,£129.99,£70.00,£10.00,£119.99,£49.99,41.66%
Cameras & Photography,Digital Cameras,Canon,,BBWGXSUBUQVKK,Canon EOS 700D & 18-55mm lens w/charger,1,£279.99,£155.00,£20.83,£259.16,£104.16,40.19%
Cameras & Photography,Digital Cameras,Canon,,BBWGMWTCSDCYT,"Canon EOS 4000D + 18-55mm, A",1,£219.99,£100.00,£20.00,£199.99,£99.99,50.00%
Cameras & Photography,Digital Cameras,Canon,,BBTX17F04E19E,Canon EOS 1300d with 18-55 mm lens,1,£179.99,£100.00,£13.33,£166.66,£66.66,40.00%
Cameras & Photography,Digital Cameras,Canon,,BBWGQQ0AU9IMI,"Canon EOS 450D 12.2M + 18-55mm, B",1,£129.99,£30.00,£16.66,£113.33,£83.33,73.53%
Cameras & Photography,Digital Cameras,Canon,,BBWGF94BB0FDD,Canon EF 75-300mm f/4-5.6 III Black Lens,1,£89.99,£10.00,£13.33,£76.66,£66.66,86.96%
Cameras & Photography,Digital Cameras,Canon,,BBWG9AC1JCF7G,Canon EOS M,1,£300.00,£150.00,£25.00,£275.00,£125.00,45.45%
Cameras & Photography,Digital Cameras,Canon,,BBTXRUXPJUXP4,Canon EOS 400D + 18-55mm,1,£110.00,£50.00,£10.00,£100.00,£50.00,50.00%
Cameras & Photography,Digital Cameras,Canon,,BBWG67QXJLPBL,Canon Powershot g3 4MP,1,£20.00,£5.00,£2.50,£17.50,£12.50,71.43%
Cameras & Photography,Digital Cameras,Canon,,BBWGU9LNI5S71,Canon EOS 400D EF-S kit,1,£40.00,£15.00,£4.17,£35.83,£20.83,58.14%
Cameras & Photography,Digital Cameras,Canon,,BBWGDKUG1T7PR,panasonic camera and lumix lens,1,£130.00,£70.00,£10.00,£120.00,£50.00,41.67%
Cameras & Photography,Digital Cameras,Canon,,BBWY9JIAUOKIU,Intel Optane SSD 900P boxed,1,£100.00,£40.00,£10.00,£90.00,£50.00,55.56%
Cameras & Photography,Digital Cameras,Fuji Film,Finepix,BBWG462E6789E,Sigma 70mm camera lens,1,£99.99,£50.00,£8.33,£91.66,£41.66,45.45%
Cameras & Photography,Digital Cameras,Fuji Film,Finepix,BBTX532304708,Fujifilm Instax Square SQ1 Instant Camera,1,£79.99,£25.00,£9.16,£70.82,£45.82,64.70%
Cameras & Photography,Digital Cameras,Fuji Film,Finepix,BBTX29BD91423,Finepix Finepix HS20EXR,1,£59.99,£20.00,£6.66,£53.32,£33.32,62.49%
Cameras & Photography,Digital Cameras,Fuji Film,Finepix,BBWGPQRQ3FWGI,Fujifilm 18mm lens,1,£199.99,£130.00,£11.66,£188.33,£58.33,30.97%
Cameras & Photography,Digital Cameras,Kodak,,BBWG1A3A224ED,Dyson,1,£200.00,£100.00,£16.67,£183.33,£83.33,45.45%
Cameras & Photography,Digital Cameras,Kodak,,BBWG3069BEFE5,LG xBoom,1,£84.99,£40.00,£7.50,£77.49,£37.49,48.38%
Cameras & Photography,Digital Cameras,Kodak,,BBWGUKQ6KLIEN,Kodak Pixpro AZ421 16MP 42x,1,£89.99,£40.00,£8.33,£81.66,£41.66,51.02%
Cameras & Photography,Digital Cameras,Leica,,,,,,,,,,
Cameras & Photography,Digital Cameras,Minolta,,,,,,,,,,
Cameras & Photography,Digital Cameras,Nikon,,BBWGL7SJKZCGX,Nikon D3100 14M 18-55mm F/5-5.6G,-1,-£99.99,-£60.00,-£6.66,-£93.32,-£33.32,35.71%
Cameras & Photography,Digital Cameras,Nikon,,BBWG6B43C9472,Nikon 3100,1,£129.99,£60.00,£11.66,£118.33,£58.33,49.29%
Cameras & Photography,Digital Cameras,Nikon,,BBWG1AC180801,Nikon lens 55mm-200mm,1,£74.99,£35.00,£6.66,£68.32,£33.32,48.77%
Cameras & Photography,Digital Cameras,Nikon,,BBWGCB2CEFFE5,Nikon AF-S,1,£49.99,£20.00,£5.00,£44.99,£24.99,55.55%
Cameras & Photography,Digital Cameras,Nikon,,BBWG92UQ7FWE1,Nikon dx 55-200mm,1,£59.99,£30.00,£5.00,£54.99,£24.99,45.45%
Cameras & Photography,Digital Cameras,Nikon,,BBWGTWDLX6JEQ,Nikon D3200 24M + 18-55mm,1,£179.99,£60.00,£20.00,£159.99,£99.99,62.50%
Cameras & Photography,Digital Cameras,Nikon,,BBTXFPA2KCCCD,Nikon coolpik a1000 with lead,1,£199.99,£130.00,£11.66,£188.33,£58.33,30.97%
Cameras & Photography,Digital Cameras,Olympus,,BBWGX9UT7FIBH,"Olympus E-420 10M + 14-42mm, B w/ 2 chargers",1,£79.99,£40.00,£6.66,£73.32,£33.32,45.45%
Cameras & Photography,Digital Cameras,Other,,BBWGFAEE8B0B3,Handyheroes HD Sports Camera,-1,-£19.99,-£15.00,-£0.83,-£19.16,-£4.16,21.71%
Cameras & Photography,Digital Cameras,Other,,BBWG133C86A4A,APACHE DASH CAM,-1,-£30.00,-£15.00,-£2.50,-£27.50,-£12.50,45.45%
Cameras & Photography,Digital Cameras,Other,,BBWG015992F7E,samsung s9 phone screenburn,-1,-£59.99,-£10.00,-£8.33,-£51.66,-£41.66,80.64%
Cameras & Photography,Digital Cameras,Other,,BBWG076B0A014,Manbily Camera  360° Panoramic Photography Ballhead,1,£19.99,£10.00,£1.66,£18.32,£8.32,45.43%
Cameras & Photography,Digital Cameras,Other,,BBWGAJXBEPL7Q,Pentax K-50 18-55mm 3.5-5.6 WR,-1,-£110.00,-£70.00,-£6.67,-£103.33,-£33.33,32.26%
Cameras & Photography,Digital Cameras,Other,,BBTXFQ3SLPZHU,Sony Cyber-shot DSC-WX350 18M Wifi + Chromecast,1,£149.99,£70.00,£13.33,£136.66,£66.66,48.78%
Cameras & Photography,Digital Cameras,Other,,BBTXA172AAF51,sealife dc1400 14mp,1,£84.99,£35.00,£8.33,£76.66,£41.66,54.34%
Cameras & Photography,Digital Cameras,Other,,BBWG6T1C8CG4H,Tamron 17-50mm f/2.8 XR Di II (Nikon),1,£89.99,£40.00,£8.33,£81.66,£41.66,51.02%
Cameras & Photography,Digital Cameras,Other,,BBWGXVNCVB1BO,jianisi remote switch,1,£3.99,£2.00,£0.33,£3.66,£1.66,45.33%
Cameras & Photography,Digital Cameras,Other,,BBNNVWBFSHEBP,"Panasonic Lumix DMC-FZ330 12M, A",1,£250.00,£130.00,£20.00,£230.00,£100.00,43.48%
Cameras & Photography,Digital Cameras,Other,,BBTXHFK01KIEM,Tripod,1,£9.99,£2.00,£1.33,£8.66,£6.66,76.90%
Cameras & Photography,Digital Cameras,Panasonic,,BBWG1JGXHDHQX,Panasonic lz20,1,£40.00,£20.00,£3.33,£36.67,£16.67,45.45%
Cameras & Photography,Digital Cameras,Sony,,BBTXBXQHASY55,Sony W830 camera with box,1,£69.99,£20.00,£8.33,£61.66,£41.66,67.56%
Cameras & Photography,Other,,,BBB1H2BWG2R04,Sigma EF-610 DG ST FlashGun (Sony),1,£14.99,£30.00,£0.00,£14.99,-£15.01,-100.13%
Cameras & Photography,Other,,,BBB1W2AWG2YFV,Nikon d40 18-55mm SH,-1,-£60.00,-£60.00,£0.00,-£60.00,£0.00,0.00%
Cameras & Photography,Other,,,BBWG8ACBB8ED6,Other 12 camera cctv,-1,-£229.99,-£100.00,-£21.66,-£208.33,-£108.33,52.00%
Cameras & Photography,Other,,,BBWG8B5A65C1C,Pandora Charms K,2,£23.98,£10.00,£2.33,£21.65,£11.65,53.81%
Cameras & Photography,Other,,,BBWG0EBD714AD,Logitech Streamcam Webcam,1,£139.99,£65.00,£12.50,£127.49,£62.49,49.02%
Cameras & Photography,Other,,,BBWGAOYALX1YO,Inca Camera Tripod,-1,-£19.99,-£10.00,-£1.66,-£18.32,-£8.32,45.43%
Cameras & Photography,Other,,,BBWGKLVWVOXX6,Nikon s2500 K,1,£9.99,£5.00,£0.83,£9.16,£4.16,45.40%
Cameras & Photography,Other,,,BBWG15088AD38,Canon 75-300mm Lens,-1,-£99.99,-£40.00,-£10.00,-£89.99,-£49.99,55.55%
Cameras & Photography,Other,,,BBWG1D4E8F458,Canon Speedlite 430EX II,1,£59.99,£37.00,£3.83,£56.16,£19.16,34.11%
Cameras & Photography,Other,,,BBWG1512D09BB,Fifa 14,-1,-£0.50,-£0.25,-£0.04,-£0.46,-£0.21,45.45%
Cameras & Photography,Other,,,BBWG5ED27EBB6,fifa,1,£0.50,£0.25,£0.04,£0.46,£0.21,45.45%
Cameras & Photography,Other,,,BBWG2D1E4659C,FM Radio Trigger,1,£9.99,£2.50,£1.25,£8.74,£6.24,71.40%
Cameras & Photography,Other,,,BBWGB894D1259,Minolta 70-210mm Lens,1,£29.99,£5.00,£4.16,£25.82,£20.82,80.64%
Cameras & Photography,Other,,,BBWGB48D3C147,Falcon Security Camera System,1,£99.99,£40.00,£10.00,£89.99,£49.99,55.55%
Cameras & Photography,Other,,,BBWG2539F8B17,Swann Enforcer Security System,1,£160.00,£75.00,£14.17,£145.83,£70.83,48.57%
Cameras & Photography,Other,,,BBWGQNLWBZHEJ,logitech security camara,1,£79.99,£20.00,£10.00,£69.99,£49.99,71.43%
Cameras & Photography,Other,,,BBWGRBXFCN1LV,Fujifilm Finepix S4800 16M,-1,-£44.99,-£20.00,-£4.16,-£40.82,-£20.83,51.01%
Cameras & Photography,Other,,,BBB103BT21WRP,kodak sp360 IK,1,£99.99,£85.00,£2.50,£97.49,£12.49,12.81%
Cameras & Photography,Other,,,BBTXB89D66D11,DJI Mavic Flymore Kit foldable Quadcopter,1,£179.99,£120.00,£10.00,£169.99,£49.99,29.41%
Cameras & Photography,Other,,,BBTXE0EFC4B51,Motorola Dashcam MDC500GW,1,£99.99,£50.00,£8.33,£91.66,£41.66,45.45%
Cameras & Photography,Other,,,BBTX5F13181B2,bresser night vision 3x25,1,£49.99,£25.00,£4.16,£45.82,£20.83,45.44%
Cameras & Photography,Other,,,BBWGCQUHKIPH6,Digital Video Camera Recorder,1,£20.00,£20.00,£0.00,£20.00,£0.00,0.00%
Cameras & Photography,Other,,,BBTXF0698238C,Sky cam video monitor,1,£199.99,£100.00,£16.66,£183.33,£83.33,45.45%
Cameras & Photography,Other,,,BBWG01MURYNUU,"Nikon D3400 Black + AF-P DX 18-55mm, B",1,£220.00,£120.00,£16.67,£203.33,£83.33,40.98%
Cameras & Photography,Other,,,BBWGTAXCSB249,Nikon 55-200mm f/4-5.6 VR AFS DX,1,£60.00,£30.00,£5.00,£55.00,£25.00,45.45%
Cameras & Photography,Other,,,BBWGMJ4H5Z9VX,"DJI Osmo+ Zenmuse X3 Zoom Gimbal, B",1,£50.00,£12.00,£6.33,£43.67,£31.67,72.52%
Cameras & Photography,Other,,,BBWYXX6SYLTXE,defender max 2 solar security NEW light,1,£15.00,£5.00,£1.67,£13.33,£8.33,62.50%
Cameras & Photography,SLR Cameras,Canon,,BBWG271118D8B,Tamron 150-600MM F5-6.3 SP Di VC USD G1 (Canon),1,£499.99,£280.00,£36.66,£463.33,£183.33,39.57%
Cameras & Photography,SLR Cameras,Canon,,BBWGO2ZZ5CQNM,Canon EF 75-300mm Lens,1,£109.99,£25.00,£14.16,£95.82,£70.82,73.91%
Cameras & Photography,SLR Cameras,Canon,,BBWGGNNOPDT8H,sigma 70-300mm lens (Canon),-1,-£59.99,-£30.00,-£5.00,-£54.99,-£24.99,45.45%
Cameras & Photography,SLR Cameras,Canon,,BBWGJ5AO93ESJ,canon zoom lens ac 75-200mm 1:4.5,1,£39.99,£15.00,£4.16,£35.82,£20.83,58.13%
Cameras & Photography,SLR Cameras,Canon,,BBTX8ZTJKNRWC,canon 200d,1,£300.00,£200.00,£16.67,£283.33,£83.33,29.41%
Cameras & Photography,SLR Cameras,Canon,,BBWGRZS2CIE5Z,Canon EF 50mm,1,£59.99,£30.00,£5.00,£54.99,£24.99,45.45%
Cameras & Photography,SLR Cameras,Canon,,BBWGXMLYO9FDK,Canon Speedlite 270EX,1,£49.99,£25.00,£4.16,£45.82,£20.83,45.44%
Cameras & Photography,SLR Cameras,Canon,,BBWGBV4DPEHIM,Canon EFS 55-250mm,1,£104.99,£50.00,£9.16,£95.82,£45.82,47.82%
Cameras & Photography,SLR Cameras,Kodak,,,,,,,,,,
Cameras & Photography,SLR Cameras,Nikon,,BBNN8DD44FAB6,Nikon D810,1,£674.99,£305.00,£61.66,£613.32,£308.33,50.27%
Cameras & Photography,SLR Cameras,Nikon,,BBNNB2C2DBBFD,Nikon AF-s 24-120mm,1,£329.99,£130.00,£33.33,£296.66,£166.66,56.18%
Cameras & Photography,SLR Cameras,Nikon,,BBNNA603E3227,Nikon Battery Grip,1,£39.99,£15.00,£4.16,£35.82,£20.83,58.13%
Cameras & Photography,SLR Cameras,Nikon,,BBNN1833F259D,Nikon D5600 SLR body only/Nikon dx 18-105mm lens ch,1,£300.00,£100.00,£33.33,£266.67,£166.67,62.50%
Cameras & Photography,SLR Cameras,Nikon,,BBWGCCTB5EWA8,Nikon D3300 With Battery and Charger,1,£80.00,£35.00,£7.50,£72.50,£37.50,51.72%
Cameras & Photography,SLR Cameras,Other,,,,,,,,,,
Cameras & Photography,SLR Cameras,Sony,,,,,,,,,,
Cameras & Photography,Telescopes & Binoculars,Canon,,BBWGKS4PPLHGU,Canon,1,£199.99,£50.00,£25.00,£174.99,£124.99,71.43%
Cameras & Photography,Telescopes & Binoculars,Canon,,BBWGY1QNMSBLA,Ring,1,£19.99,£10.00,£1.66,£18.32,£8.32,45.43%
Cameras & Photography,Telescopes & Binoculars,Leica,,,,,,,,,,
Cameras & Photography,Telescopes & Binoculars,Nikon,,,,,,,,,,
Cameras & Photography,Telescopes & Binoculars,Other,,BBWGC6CC91DEE,Sunagor 45x21,-1,-£29.99,-£15.00,-£2.50,-£27.49,-£12.49,45.44%
Cameras & Photography,Telescopes & Binoculars,Other,,BBWG6159425B1,Binoculars 8x21,1,£4.99,£2.00,£0.50,£4.49,£2.49,55.47%
Cameras & Photography,Telescopes & Binoculars,Other,,BBWGCC8F3CAF8,Binoculars 8x42,1,£19.99,£10.00,£1.66,£18.32,£8.32,45.43%
Cameras & Photography,Telescopes & Binoculars,Other,,BBTXE5QCTQSIW,Celestron Powerseeker 127EQ with 3x barlow lens and Celestron 4mm,1,£99.99,£50.00,£8.33,£91.66,£41.66,45.45%
Cameras & Photography,Telescopes & Binoculars,Other,,BBTXTYTSRXIF7,Zennox 8-24x50 Zoom,-1,-£40.00,-£10.00,-£5.00,-£35.00,-£25.00,71.43%
Cameras & Photography,Telescopes & Binoculars,Other,,BBWGIJADEGJLR,monocular,1,£19.99,£10.00,£1.66,£18.32,£8.32,45.43%
Cameras & Photography,Telescopes & Binoculars,Tasco,,,,,,,,,,
